199104101,abc123,柳沢　明,やなぎさわ　あきら,男,101,00,6,代表取締役社長,＃1001,－,0,2017/10/27 17:44:10
199104102,abc123,柳沢　晴彦,やなぎさわ　はるひこ,男,101,00,6,常務取締役,＃1003,－,0,2017/10/27 17:44:11
199104103,abc123,杉村　浩二,すぎむら　こうじ,男,101,00,6,専務取締役,＃1002,－,0,2017/10/27 17:44:12
199104104,abc123,高木　真司,たかぎ　しんじ,男,101,00,5,,＃1004,090-ｘｘｘ-ｘｘｘｘ,0,2017/10/27 17:44:13
199104105,abc123,住田　春香,すみた　はるか,女,102,00,5,,＃1010,,0,2017/10/27 17:44:14
199404101,abc123,岡山　隆,おかやま　たかし,男,103,00,5,,＃1020,090-ｘｘｘ-ｘｘｘｘ,1,2017/10/27 17:44:15
199504101,abc123,川崎　綾子,かわさき　あやこ,女,103,31,4,,＃1020,090-ｘｘｘ-ｘｘｘｘ,1,2017/10/27 17:44:16
199504102,abc123,鹿島　友利子,かしま　ゆりこ,女,105,51,4,,＃1030,,0,2017/10/27 17:44:17
199604101,abc123,大川　京子,おおかわ　きょうこ,女,105,00,5,,＃1030,,0,2017/10/27 17:44:18
199604102,abc123,足田　順子,あしだ　じゅんこ,女,102,21,4,,＃1010,,0,2017/10/27 17:44:19
199704101,abc123,田村　純一,たむら　じゅんいち,男,104,41,4,,＃1040,090-ｘｘｘ-ｘｘｘｘ,1,2017/10/27 17:44:20
199704102,abc123,下山　高次,しもやま　こうじ,男,104,00,5,,＃1040,090-ｘｘｘ-ｘｘｘｘ,1,2017/10/27 17:44:21
199804101,abc123,内村　貴志,うちむら　たかし,男,104,41,3,,＃1040,090-ｘｘｘ-ｘｘｘｘ,1,2017/10/27 17:44:22
199804102,abc123,吉田　隆弘,よしだ　たかひろ,男,106,61,4,,＃1051,090-ｘｘｘ-ｘｘｘｘ,0,2017/10/27 17:44:23
199904101,abc123,今村　さおり,いまむら　さおり,女,106,62,4,,＃1052,090-ｘｘｘ-ｘｘｘｘ,0,2017/10/27 17:44:24
200004101,pst2000,鈴木　和人,すずき　かずと,男,201,00,5,支店長,＃2001,090-ｘｘｘ-ｘｘｘｘ,0,2017/10/27 17:44:25
200104101,pst2011,藤村　由香里,ふじむら　ゆかり,女,301,00,5,支店長,＃3001,090-ｘｘｘ-ｘｘｘｘ,0,2017/10/27 17:44:26
201104101,abc123,山下　文博,やました　ふみひろ,男,106,61,3,,＃1051,090-ｘｘｘ-ｘｘｘｘ,0,2017/10/27 17:44:27
201404101,abc123,花京院　新之助,かきょういん　しんのすけ,男,106,62,3,,＃1052,090-ｘｘｘ-ｘｘｘｘ,0,2017/10/27 17:44:28
201404102,abc123,李　忠成,り　ちゅんそん,男,106,63,3,,＃1053,090-ｘｘｘ-ｘｘｘｘ,0,2017/10/27 17:44:29
201404103,abc123,小林　卓也,こばやし　たくや,男,106,63,4,,＃1053,090-ｘｘｘ-ｘｘｘｘ,0,2017/10/27 17:44:30
201504101,pst2000,藤田　忠則,ふじた　ただのり,男,206,61,4,,＃1051,090-ｘｘｘ-ｘｘｘｘ,0,2017/10/27 17:44:31
201504102,pst2000,桂川　龍次,かつらがわ　りゅうじ,男,206,61,3,,＃1051,090-ｘｘｘ-ｘｘｘｘ,0,2017/10/27 17:44:32
201604101,pst2011,国本　直樹,くにもと　なおき,男,306,61,4,,＃1051,090-ｘｘｘ-ｘｘｘｘ,0,2017/10/27 17:44:33
201604102,pst2011,ダニエル　スミス,だにえる　すみす,男,306,61,3,,＃1051,090-ｘｘｘ-ｘｘｘｘ,0,2017/10/27 17:44:34
201604103,pst2000,田中　文紀,たなか　ふみのり,男,204,41,4,,＃2011,090-ｘｘｘ-ｘｘｘｘ,1,2017/10/27 17:44:35
201704101,pst2000,赤城　剛,あかぎ　つよし,男,204,41,3,,＃2011,090-ｘｘｘ-ｘｘｘｘ,1,2017/10/27 17:44:36
201704102,pst2011,鈴木　正,すずき　ただし,男,304,41,4,,＃3011,090-ｘｘｘ-ｘｘｘｘ,1,2017/10/27 17:44:37
201704103,pst2016,渡辺　信吾,わたなべ　しんご,男,406,61,4,,＃4001,090-ｘｘｘ-ｘｘｘｘ,0,2017/10/27 17:44:38
201704104,pst2016,皆川　昭,みながわ　あきら,男,406,61,3,,＃4001,090-ｘｘｘ-ｘｘｘｘ,0,2017/10/27 17:44:39
201704106,abc123,水野　美佐子,みずの　みさこ,女,106,61,3,,＃1051,090-ｘｘｘ-ｘｘｘｘ,0,2017/10/27 17:44:40
201705101,abc123,管　一郎,かん　いちろう,男,106,61,3,,＃1051,090-ｘｘｘ-ｘｘｘｘ,0,2017/10/27 17:44:41
201705102,abc123,木本　誠二,きもと　せいじ,男,106,62,3,,＃1052,090-ｘｘｘ-ｘｘｘｘ,0,2017/10/27 17:44:42
201705103,abc123,綾瀬　美紀,あやせ　みき,女,106,62,3,,＃1052,090-ｘｘｘ-ｘｘｘｘ,0,2017/10/27 17:44:43
